title,company,link
"AI/ML - Sr Product Manager, Siri Knowledge and Machine Learning",Apple,https://stackoverflow.com/jobs/498210/ai-ml-sr-product-manager-siri-knowledge-and-apple
"AI/ML - ML Engineer, Siri Understanding",Apple,https://stackoverflow.com/jobs/501144/ai-ml-ml-engineer-siri-understanding-apple
"AI/ML -Full Stack Software Engineer, ML Platform & Technology",Apple,https://stackoverflow.com/jobs/506833/ai-ml-full-stack-software-engineer-ml-platform-apple
"AI/ML - Sr Software Engineer, ML Platform & Technology",Apple,https://stackoverflow.com/jobs/503509/ai-ml-sr-software-engineer-ml-platform-apple
AI/ML - Machine Learning Engineering - Information Intelligence,Apple,https://stackoverflow.com/jobs/514382/ai-ml-machine-learning-engineering-apple
AI/ML- Machine Learning Engineer - Siri Data,Apple,https://stackoverflow.com/jobs/511127/ai-ml-machine-learning-engineer-siri-data-apple
"AI/ML - Machine Learning Engineer, Siri Understanding",Apple,https://stackoverflow.com/jobs/503520/ai-ml-machine-learning-engineer-siri-apple
"AI/ML - Data EPM Manager, ML Platform & Technology",Apple,https://stackoverflow.com/jobs/514856/ai-ml-data-epm-manager-ml-platform-technology-apple
Software Engineer (ML),Parenthetic,https://stackoverflow.com/jobs/477598/software-engineer-ml-parenthetic
"AI/ML - Full Stack Engineer, Machine Learning Platform & Technology",Apple,https://stackoverflow.com/jobs/506845/ai-ml-full-stack-engineer-machine-learning-apple
"AI/ML - Sr Product Manager, Siri Knowledge and Machine Learning",Apple,https://stackoverflow.com/jobs/506853/ai-ml-sr-product-manager-siri-knowledge-and-apple
Software Engineer Machine Learning,Studitemps,https://stackoverflow.com/jobs/497582/software-engineer-machine-learning-studitemps
"AI/ML- Machine Learning Engineer, Information Intelligence",Apple,https://stackoverflow.com/jobs/514350/ai-ml-machine-learning-engineer-information-apple
Senior Machine Learning Engineer,AH Technology – Albert Heijn,https://stackoverflow.com/jobs/500275/senior-machine-learning-engineer-ah-technology-albert-heijn
Machine Learning Engineer,"JPMorgan Chase Bank, N.A.",https://stackoverflow.com/jobs/512320/machine-learning-engineer-jpmorgan-chase-bank-na
Software Engineer in ML area,Adevinta,https://stackoverflow.com/jobs/494235/software-engineer-in-ml-area-adevinta
Senior Machine Learning Engineer,Kubevisor,https://stackoverflow.com/jobs/458084/senior-machine-learning-engineer-kubevisor
Machine Learning Systems Engineer,Apple,https://stackoverflow.com/jobs/498209/machine-learning-systems-engineer-apple
Machine Learning Lead,GoodNotes,https://stackoverflow.com/jobs/357175/machine-learning-lead-goodnotes
Senior Machine Learning Scientist,"Huxley
                        via
Huxley (US)",https://stackoverflow.com/jobs/504215/senior-machine-learning-scientist-huxley
Software Engineer (Machine Learning Services) (m/f/d),QuantCo,https://stackoverflow.com/jobs/328838/software-engineer-machine-learning-services-m-quantco
"Engineer, Machine Learning",Citizen,https://stackoverflow.com/jobs/499677/engineer-machine-learning-citizen
Machine Learning Engineer,Calico,https://stackoverflow.com/jobs/468085/machine-learning-engineer-calico
Junior Software Engineer - Corporate Technology | Machine Learning,"JPMorgan Chase Bank, N.A.",https://stackoverflow.com/jobs/514792/junior-software-engineer-corporate-technology-jpmorgan-chase-bank-na
Senior ML Engineer,"JPMorgan Chase Bank, N.A.",https://stackoverflow.com/jobs/509846/senior-ml-engineer-jpmorgan-chase-bank-na
"AI/ML - Learning Scientist (Researcher), AI Education",Apple,https://stackoverflow.com/jobs/508965/ai-ml-learning-scientist-researcher-ai-apple
Software Engineer (Machine Learning Services) (m/f/d),QuantCo,https://stackoverflow.com/jobs/328838/software-engineer-machine-learning-services-m-quantco
"Engineer, Machine Learning",Citizen,https://stackoverflow.com/jobs/499677/engineer-machine-learning-citizen
Senior ML Engineer,"JPMorgan Chase Bank, N.A.",https://stackoverflow.com/jobs/509846/senior-ml-engineer-jpmorgan-chase-bank-na
"AI/ML - Software Engineer, MI Neural Design",Apple,https://stackoverflow.com/jobs/408507/ai-ml-software-engineer-mi-neural-design-apple
Data & Machine Learning Engineer,GeoPhy,https://stackoverflow.com/jobs/492570/data-machine-learning-engineer-geophy
"AI/ML - Data Engineer (Natural Language), Siri Understanding",Apple,https://stackoverflow.com/jobs/514876/ai-ml-data-engineer-natural-language-siri-apple
"Android Software Engineer, Mobile Machine Learning",Flock Safety,https://stackoverflow.com/jobs/497083/android-software-engineer-mobile-machine-learning-flock-safety
"AI/ML - Architect, Siri Experience",Apple,https://stackoverflow.com/jobs/514857/ai-ml-architect-siri-experience-apple
Artificial Intelligence/Machine Learning Research Engineer,Applied Research Associates,https://stackoverflow.com/jobs/490152/artificial-intelligence-machine-learning-research-applied-research-associates
Software Engineer - Machine Learning,Yelp,https://stackoverflow.com/jobs/513383/software-engineer-machine-learning-yelp
Apple Music - ML Data Engineer,Apple,https://stackoverflow.com/jobs/514417/apple-music-ml-data-engineer-apple
Senior Machine Learning Engineer,Bombora,https://stackoverflow.com/jobs/497819/senior-machine-learning-engineer-bombora
(Senior) Software Engineer - Machine Learning (m/f/d),TIER Mobility GmbH,https://stackoverflow.com/jobs/461185/senior-software-engineer-machine-learning-m-tier-mobility-gmbh
"Software Engineer, Lead - Machine Learning","JPMorgan Chase Bank, N.A.",https://stackoverflow.com/jobs/514530/software-engineer-lead-machine-learning-jpmorgan-chase-bank-na
Senior Software Engineer - Machine Learning,Realtor.com,https://stackoverflow.com/jobs/497685/senior-software-engineer-machine-learning-realtorcom
Senior Machine Learning Engineer,Hyperscience,https://stackoverflow.com/jobs/445022/senior-machine-learning-engineer-hyperscience
"Software Engineer, Machine Learning",Google,https://stackoverflow.com/jobs/506866/software-engineer-machine-learning-google
Machine Learning Engineer - Remote,Numbrs,https://stackoverflow.com/jobs/510392/machine-learning-engineer-remote-numbrs
"AI/ML - Sr Data Scientist, Siri Data",Apple,https://stackoverflow.com/jobs/514878/ai-ml-sr-data-scientist-siri-data-apple
Data Scientist (Machine Learning/AI),1848 Ventures,https://stackoverflow.com/jobs/481224/data-scientist-machine-learning-ai-1848-ventures
"AI/ML - Sr Data Scientist, Siri Data",Apple,https://stackoverflow.com/jobs/511131/ai-ml-sr-data-scientist-siri-data-apple
Senior Full Stack .NET Web Developer | ML / Location Intelligence Application,SiteZeus,https://stackoverflow.com/jobs/444394/senior-full-stack-net-web-developer-ml-sitezeus
Machine Learning Engineer  (Camera startup),Huddly,https://stackoverflow.com/jobs/485923/machine-learning-engineer-camera-startup-huddly
Lead Python ML Developer,Susten Capital Management Inc.,https://stackoverflow.com/jobs/473791/lead-python-ml-developer-susten-capital-management-inc
Senior Machine Learning Engineer - Growth,Spotify,https://stackoverflow.com/jobs/497040/senior-machine-learning-engineer-growth-spotify
Lead Python ML Developer,Susten Capital Management Inc.,https://stackoverflow.com/jobs/473791/lead-python-ml-developer-susten-capital-management-inc
"AI/ML - Learning Scientist (Researcher), AI Education",Apple,https://stackoverflow.com/jobs/508965/ai-ml-learning-scientist-researcher-ai-apple
Frontend Developer to build the leading Platform for ML,Hugging Face,https://stackoverflow.com/jobs/448344/frontend-developer-to-build-the-leading-platform-hugging-face
"AI/ML - Computational Causal Inference Engineer, Siri Data",Apple,https://stackoverflow.com/jobs/502280/ai-ml-computational-causal-inference-engineer-apple
"AI/ML - Sr Technical Program Manager, Siri",Apple,https://stackoverflow.com/jobs/503508/ai-ml-sr-technical-program-manager-siri-apple
"Senior Machine Learning Engineer (Python, TensorFlow)",The Meet Group,https://stackoverflow.com/jobs/496024/senior-machine-learning-engineer-python-the-meet-group
Software Engineer - Corporate Technology | Machine Learning,"JPMorgan Chase Bank, N.A.",https://stackoverflow.com/jobs/514041/software-engineer-corporate-technology-jpmorgan-chase-bank-na
"AI/ML - Software Engineer, Siri Authoring Tools",Apple,https://stackoverflow.com/jobs/501137/ai-ml-software-engineer-siri-authoring-tools-apple
Senior Product Manager (ML/AI),Kentik,https://stackoverflow.com/jobs/498251/senior-product-manager-ml-ai-kentik
Machine Learning Researcher,Blackshark.ai GmbH,https://stackoverflow.com/jobs/474473/machine-learning-researcher-blacksharkai-gmbh
Technology Expert / Software Developer (w/m/d) Machine Learning,Siemens Healthcare GmbH,https://stackoverflow.com/jobs/509365/technology-expert-software-developer-w-m-d-siemens-healthcare-gmbh
"AI/ML - Language Engineer (India), Siri Understanding",Apple,https://stackoverflow.com/jobs/514368/ai-ml-language-engineer-india-siri-apple
"AI/ML - Sr Program Manager, Product - Technical Adoption",Apple,https://stackoverflow.com/jobs/500561/ai-ml-sr-program-manager-product-technical-apple
"Machine Learning Engineer - Fraud Engineering, Algorithms, and Risk",Apple,https://stackoverflow.com/jobs/514873/machine-learning-engineer-fraud-engineering-apple
"AI/ML - Data Scientist, Siri Data",Apple,https://stackoverflow.com/jobs/514877/ai-ml-data-scientist-siri-data-apple
"Sr. Technical Product Manager, Digital Machine Learning Experience",Apple,https://stackoverflow.com/jobs/511126/sr-technical-product-manager-digital-machine-apple
"Specialist SA, Machine Learning",Amazon Web Services,https://stackoverflow.com/jobs/390077/specialist-sa-machine-learning-amazon-web-services
Machine Learning Engineer,Passio Inc.,https://stackoverflow.com/jobs/362218/machine-learning-engineer-passio-inc
Software Engineer (f/m/d) Machine Learning,Leica Geosystems AG,https://stackoverflow.com/jobs/510418/software-engineer-f-m-d-machine-learning-leica-geosystems-ag
"Machine Learning Engineer, Video Applications",Apple,https://stackoverflow.com/jobs/484276/machine-learning-engineer-video-applications-apple
"AI/ML - Creative Producer for Voice (Arabic), Siri Understanding",Apple,https://stackoverflow.com/jobs/514370/ai-ml-creative-producer-for-voice-arabic-apple
Machine Learning Engineer (Latin America- Remote),Blue Orange Digital,https://stackoverflow.com/jobs/295632/machine-learning-engineer-latin-america-remote-blue-orange-digital
Machine Learning Engineer,Strong Analytics,https://stackoverflow.com/jobs/448223/machine-learning-engineer-strong-analytics
"AI/ML - Sr Data Scientist - Search Insights, Siri Data",Apple,https://stackoverflow.com/jobs/509404/ai-ml-sr-data-scientist-search-insights-siri-apple
"AI/ML - Sr Speech Recognition Software Engineer (iOS), Siri Understanding",Apple,https://stackoverflow.com/jobs/418187/ai-ml-sr-speech-recognition-software-engineer-apple
Machine Learning Scientist - Computer Vision,AbCellera,https://stackoverflow.com/jobs/474780/machine-learning-scientist-computer-vision-abcellera
Machine Learning Engineer (Latin America- Remote),Blue Orange Digital,https://stackoverflow.com/jobs/295632/machine-learning-engineer-latin-america-remote-blue-orange-digital
"AI/ML - Sr Data Scientist - Search Insights, Siri Data",Apple,https://stackoverflow.com/jobs/509404/ai-ml-sr-data-scientist-search-insights-siri-apple
"AI/ML -Site Reliability Engineer (SRE), Siri Search, Knowledge & Platform",Apple,https://stackoverflow.com/jobs/514874/ai-ml-site-reliability-engineer-sre-siri-apple
Machine Learning Lead| 100% Remote | (US Only),GovSpend,https://stackoverflow.com/jobs/500246/machine-learning-lead-100-remote-us-only-govspend
"Senior .Net Developer for ML, Computer Vision and Algorithm development",MapLarge,https://stackoverflow.com/jobs/165235/senior-net-developer-for-ml-computer-vision-and-maplarge
"AI/ML - Software Engineer, Siri Engineering Efficiency",Apple,https://stackoverflow.com/jobs/433420/ai-ml-software-engineer-siri-engineering-apple
Machine Learning Engineer - Camera Algorithm,Apple,https://stackoverflow.com/jobs/503461/machine-learning-engineer-camera-algorithm-apple
ML/AI Manager,kaliber.ai,https://stackoverflow.com/jobs/461178/ml-ai-manager-kaliberai
"AI/ML - Sr Product Manager, Siri Search",Apple,https://stackoverflow.com/jobs/385211/ai-ml-sr-product-manager-siri-search-apple
"AI/ML - Sr. Data Engineer, Siri Understanding",Apple,https://stackoverflow.com/jobs/514352/ai-ml-sr-data-engineer-siri-understanding-apple
"AI/ML - Sr Analyst, Market Intelligence",Apple,https://stackoverflow.com/jobs/514361/ai-ml-sr-analyst-market-intelligence-apple
Hackers wanted - Software Engineers (m/f/d) & Machine Learning Experts (m/f/d),freiheit.com technologies gmbh,https://stackoverflow.com/jobs/165266/hackers-wanted-software-engineers-m-f-d-freiheitcom-technologies-gmbh
Hackers wanted - Software Engineers (m/f/d) & Machine Learning Experts (m/f/d),freiheit.com technologies gmbh,https://stackoverflow.com/jobs/254089/hackers-wanted-software-engineers-m-f-d-freiheitcom-technologies-gmbh
"Senior Product Manager, Technical - AI/Machine Learning",Hypatos GmbH,https://stackoverflow.com/jobs/468909/senior-product-manager-technical-ai-machine-hypatos-gmbh
"AI/ML - Build and Integration Engineer, Siri Experience",Apple,https://stackoverflow.com/jobs/511128/ai-ml-build-and-integration-engineer-siri-apple
Senior Python and Machine Learning Engineer - Remote - EU Time Zone,Cvedia PTE. LTD.,https://stackoverflow.com/jobs/436963/senior-python-and-machine-learning-engineer-cvedia-pte-ltd
Technical Co-Founder / CTO for a Machine Learning Startup,valora digital.,https://stackoverflow.com/jobs/487470/technical-co-founder-cto-for-a-machine-learning-valora-digital
"AI/ML- Full Stack Engineer- Reliability , Siri Search, Knowledge & Platform",Apple,https://stackoverflow.com/jobs/498215/ai-ml-full-stack-engineer-reliability-siri-apple
"AI/ML- Tools Engineer- Performance, Siri Search, Knowledge & Platform",Apple,https://stackoverflow.com/jobs/506814/ai-ml-tools-engineer-performance-siri-search-apple
Senior Data Engineer - BigQuery/GCP [100% REMOTE],Clevertech,https://stackoverflow.com/jobs/512969/senior-data-engineer-bigquery-gcp-100-remote-clevertech
Azure Machine Learning Engineer | Location Intelligence Application,SiteZeus,https://stackoverflow.com/jobs/444396/azure-machine-learning-engineer-location-sitezeus
Senior Full-Stack Software Development Engineer,Xpanse,https://stackoverflow.com/jobs/499888/senior-full-stack-software-development-engineer-xpanse
Full Stack Developer,Cognitive Space,https://stackoverflow.com/jobs/499648/full-stack-developer-cognitive-space
Back-end Engineer,CityBldr,https://stackoverflow.com/jobs/406631/back-end-engineer-citybldr
Frontend Software Engineer (React),Idelic Inc,https://stackoverflow.com/jobs/493257/frontend-software-engineer-react-idelic-inc
Senior Front-End Developer (m/f/d) - for legal tech startup in Berlin,DataGuard,https://stackoverflow.com/jobs/463805/senior-front-end-developer-m-f-d-for-legal-dataguard
Backend Engineer,Passio Inc.,https://stackoverflow.com/jobs/513366/backend-engineer-passio-inc
Senior Front-End Developer (m/f/d) - for legal tech startup in Munich,DataGuard,https://stackoverflow.com/jobs/281206/senior-front-end-developer-m-f-d-for-legal-dataguard
DevOps Research Engineer AI Computing,Institut für KI in der Medizin (IKIM),https://stackoverflow.com/jobs/462187/devops-research-engineer-ai-computing-institut-f%C3%BCr-ki-in-der
Senior DevOps Engineer With Database Experience,Kubevisor,https://stackoverflow.com/jobs/512052/senior-devops-engineer-with-database-experience-kubevisor
Agile Project Manager,Passio Inc.,https://stackoverflow.com/jobs/513381/agile-project-manager-passio-inc
Frontend Engineer,Vouched,https://stackoverflow.com/jobs/435259/frontend-engineer-vouched
Senior Java Developer (m/f/d),Ubermetrics Technologies GmbH,https://stackoverflow.com/jobs/463560/senior-java-developer-m-f-d-ubermetrics-technologies-gmbh
"Senior Software Engineer, Product Infrastructure",Quantcast,https://stackoverflow.com/jobs/441759/senior-software-engineer-product-infrastructure-quantcast
Software Engineer,Tradewell Technologies,https://stackoverflow.com/jobs/506427/software-engineer-tradewell-technologies
Penetration Tester (m/f/d) for legal tech startup in Munich or Berlin,DataGuard,https://stackoverflow.com/jobs/432598/penetration-tester-m-f-d-for-legal-tech-startup-dataguard
Senior Python Developer,Tenfifty AB,https://stackoverflow.com/jobs/461145/senior-python-developer-tenfifty-ab
Senior Frontend Developer,Aluna,https://stackoverflow.com/jobs/512389/senior-frontend-developer-aluna
Software Engineer II,Idelic Inc,https://stackoverflow.com/jobs/501811/software-engineer-ii-idelic-inc
VP of Engineering,Aluna,https://stackoverflow.com/jobs/513663/vp-of-engineering-aluna
Senior Java Developer (Product Team),Logiciel Behavox (Canada) Inc,https://stackoverflow.com/jobs/456506/senior-java-developer-product-team-logiciel-behavox-canada-inc
Senior Frontend Developer (Product Team),Logiciel Behavox (Canada) Inc,https://stackoverflow.com/jobs/512401/senior-frontend-developer-product-team-logiciel-behavox-canada-inc
DevOps Engineer,Vouched,https://stackoverflow.com/jobs/504563/devops-engineer-vouched
Fullstack Engineer,Vouched,https://stackoverflow.com/jobs/435257/fullstack-engineer-vouched
Engineering Manager,Gorgias,https://stackoverflow.com/jobs/499613/engineering-manager-gorgias
Senior Full Stack Software Engineer,FiscalNote,https://stackoverflow.com/jobs/462297/senior-full-stack-software-engineer-fiscalnote
Senior Python Dev for Open Source Dev Tools,"Iterative, Inc",https://stackoverflow.com/jobs/446359/senior-python-dev-for-open-source-dev-tools-iterative-inc
Senior Full-Stack Engineer (Vue/Node),Wisely,https://stackoverflow.com/jobs/405895/senior-full-stack-engineer-vue-node-wisely
Software Developer,AbCellera,https://stackoverflow.com/jobs/508359/software-developer-abcellera
Python Backend Developer / Data Engineer (m/f/d) for Geo Applications (Munich),GAF AG,https://stackoverflow.com/jobs/407481/python-backend-developer-data-engineer-m-f-d-gaf-ag
Python Software Engineer Intern for Geospatial AI Platform Team,Blackshark.ai GmbH,https://stackoverflow.com/jobs/491339/python-software-engineer-intern-for-geospatial-ai-blacksharkai-gmbh
Senior Java Developer (m/f/d),Ubermetrics Technologies GmbH,https://stackoverflow.com/jobs/463560/senior-java-developer-m-f-d-ubermetrics-technologies-gmbh
Senior Front-End Engineer,Gorgias,https://stackoverflow.com/jobs/499615/senior-front-end-engineer-gorgias
Software Engineer,Tradewell Technologies,https://stackoverflow.com/jobs/506427/software-engineer-tradewell-technologies
Frontend Developer,Frequenz Energy-as-a-Service GmbH,https://stackoverflow.com/jobs/492897/frontend-developer-frequenz-energy-as-a-service
Senior Systems Engineer,Quantcast,https://stackoverflow.com/jobs/513340/senior-systems-engineer-quantcast
"Frontend / Web Software Developer (m,f,d)",Synfioo GmbH,https://stackoverflow.com/jobs/485979/frontend-web-software-developer-m-f-d-synfioo-gmbh
Senior iOS Developer/Lead,Aluna,https://stackoverflow.com/jobs/512909/senior-ios-developer-lead-aluna
Independent & Self-motivated Senior Python Backend Developer,Seez,https://stackoverflow.com/jobs/394457/independent-self-motivated-senior-python-seez
Senior Software Developer,AbCellera,https://stackoverflow.com/jobs/507698/senior-software-developer-abcellera
"Senior-Level Software Engineering Openings (Research Triangle Park, NC)",Direct Supply,https://stackoverflow.com/jobs/461418/senior-level-software-engineering-openings-direct-supply
Lead Software Engineer,Remesh Inc.,https://stackoverflow.com/jobs/512738/lead-software-engineer-remesh-inc
Senior Software Engineer (Full-Stack Web Apps),Direct Supply,https://stackoverflow.com/jobs/494559/senior-software-engineer-full-stack-web-apps-direct-supply
Full Stack Software Engineer,ResoluteAI,https://stackoverflow.com/jobs/512379/full-stack-software-engineer-resoluteai
Senior Frontend Developer (Product Team),Logiciel Behavox (Canada) Inc,https://stackoverflow.com/jobs/512401/senior-frontend-developer-product-team-logiciel-behavox-canada-inc
Frontend Developer (Berlin or Warsaw) - EU work permit required,Hypatos GmbH,https://stackoverflow.com/jobs/447389/frontend-developer-berlin-or-warsaw-eu-work-hypatos-gmbh
Computer Vision Research Engineer- 3D Vision,Apple,https://stackoverflow.com/jobs/514388/computer-vision-research-engineer-3d-vision-apple
Chief Data Scientist,Fracta,https://stackoverflow.com/jobs/512391/chief-data-scientist-fracta
Senior Software Engineer,CognitOps,https://stackoverflow.com/jobs/500840/senior-software-engineer-cognitops
Google Cloud Data Engineer (m/f),Wabion AG,https://stackoverflow.com/jobs/307701/google-cloud-data-engineer-m-f-wabion-ag
Senior Full-Stack Engineer (Vue/Node),Wisely,https://stackoverflow.com/jobs/405895/senior-full-stack-engineer-vue-node-wisely
Senior Software Engineer - IOT,Direct Supply,https://stackoverflow.com/jobs/498245/senior-software-engineer-iot-direct-supply
Founding Software Engineer - Backend (Rasgo),Unusual Ventures,https://stackoverflow.com/jobs/485991/founding-software-engineer-backend-rasgo-unusual-ventures
Full Stack Software Engineer (Ruby on Rails),InCloudCounsel,https://stackoverflow.com/jobs/441977/full-stack-software-engineer-ruby-on-rails-incloudcounsel
Human Factors Researcher,Apple,https://stackoverflow.com/jobs/514356/human-factors-researcher-apple
Senior Backend Engineer,AptEdge.io,https://stackoverflow.com/jobs/457415/senior-backend-engineer-aptedgeio
Data Scientist,Fracta,https://stackoverflow.com/jobs/512393/data-scientist-fracta
Google Cloud Engineer / Architect (m/f),Wabion AG,https://stackoverflow.com/jobs/306844/google-cloud-engineer-architect-m-f-wabion-ag
Platform Engineer,Blackshark.ai GmbH,https://stackoverflow.com/jobs/507976/platform-engineer-blacksharkai-gmbh
Database Administrator,SHIELD,https://stackoverflow.com/jobs/273054/database-administrator-shield
Full Stack Software Engineer (eCommerce),Direct Supply,https://stackoverflow.com/jobs/456346/full-stack-software-engineer-ecommerce-direct-supply
Data Science Evangelist (Community Manager) - HeartEx,Unusual Ventures,https://stackoverflow.com/jobs/483712/data-science-evangelist-community-manager-unusual-ventures
Golang Engineer - Remote,Numbrs,https://stackoverflow.com/jobs/453434/golang-engineer-remote-numbrs
"Software Engineer, Web - Remote",Numbrs,https://stackoverflow.com/jobs/450392/software-engineer-web-remote-numbrs
Senior Big Data Engineer,Kubevisor,https://stackoverflow.com/jobs/458034/senior-big-data-engineer-kubevisor
Blockchain Infrastructure Engineer (US-based),Hummingbot,https://stackoverflow.com/jobs/506859/blockchain-infrastructure-engineer-us-based-hummingbot
Data Engineer,Addison Group,https://stackoverflow.com/jobs/507943/data-engineer-addison-group
"Software Engineer, Android - Remote",Numbrs,https://stackoverflow.com/jobs/450389/software-engineer-android-remote-numbrs
Senior/Principal DevOps,Logiciel Behavox (Canada) Inc,https://stackoverflow.com/jobs/486012/senior-principal-devops-logiciel-behavox-canada-inc
Senior DevOps Engineer,Unlearn.ai,https://stackoverflow.com/jobs/492589/senior-devops-engineer-unlearnai
Senior QA Automation Engineer,FiscalNote,https://stackoverflow.com/jobs/489627/senior-qa-automation-engineer-fiscalnote
iOS Software Engineer - Remote,Numbrs,https://stackoverflow.com/jobs/449443/ios-software-engineer-remote-numbrs
Data Engineer (Remote),Blue Orange Digital,https://stackoverflow.com/jobs/299049/data-engineer-remote-blue-orange-digital
Frontend Engineer,proton.ai,https://stackoverflow.com/jobs/514653/frontend-engineer-protonai
"Staff Software Engineer (Lead), Scale and Transport",Quantcast,https://stackoverflow.com/jobs/459931/staff-software-engineer-lead-scale-and-quantcast
"Staff Software Engineer, Inventory",Quantcast,https://stackoverflow.com/jobs/407770/staff-software-engineer-inventory-quantcast
Senior Data Scientist,Fracta,https://stackoverflow.com/jobs/512392/senior-data-scientist-fracta
Python Software Engineer,R2,https://stackoverflow.com/jobs/502021/python-software-engineer-r2
Senior Angular Engineer,LimeSpot,https://stackoverflow.com/jobs/504246/senior-angular-engineer-limespot
"Staff Software Engineer, Inventory",Quantcast,https://stackoverflow.com/jobs/407770/staff-software-engineer-inventory-quantcast
"Senior Software Engineer, Real-time Bidding Platforms",Quantcast,https://stackoverflow.com/jobs/397334/senior-software-engineer-real-time-bidding-quantcast
"Software Engineer, Android - Remote",Numbrs,https://stackoverflow.com/jobs/450389/software-engineer-android-remote-numbrs
Software Engineer - iOS,Quarkworks,https://stackoverflow.com/jobs/493948/software-engineer-ios-quarkworks
Senior QA Automation Engineer,SiteZeus,https://stackoverflow.com/jobs/453226/senior-qa-automation-engineer-sitezeus
Frontend Engineer,causaLens,https://stackoverflow.com/jobs/462390/frontend-engineer-causalens
AR/VR Software Engineer,Apple,https://stackoverflow.com/jobs/514871/ar-vr-software-engineer-apple
Robotics Systems Engineer II / III,Milano Technical Group,https://stackoverflow.com/jobs/441980/robotics-systems-engineer-ii-iii-milano-technical-group
Senior/Principal DevOps,Logiciel Behavox (Canada) Inc,https://stackoverflow.com/jobs/486012/senior-principal-devops-logiciel-behavox-canada-inc
"Salesforce Developer, Enterprise Applications",Quantcast,https://stackoverflow.com/jobs/442204/salesforce-developer-enterprise-applications-quantcast
Software QA Team Manager,Hummingbot,https://stackoverflow.com/jobs/500470/software-qa-team-manager-hummingbot
Software Engineer - Android,Quarkworks,https://stackoverflow.com/jobs/493937/software-engineer-android-quarkworks
"Lead Engineer, Data Platform",proton.ai,https://stackoverflow.com/jobs/503893/lead-engineer-data-platform-protonai
Software Engineer - Unreal Engine,Blackshark.ai GmbH,https://stackoverflow.com/jobs/513200/software-engineer-unreal-engine-blacksharkai-gmbh
"Staff Software Engineer (Lead), Scale and Transport",Quantcast,https://stackoverflow.com/jobs/459931/staff-software-engineer-lead-scale-and-quantcast
Senior Python Back End Engineer (Remote-LATAM),Loadsmart,https://stackoverflow.com/jobs/508341/senior-python-back-end-engineer-remote-latam-loadsmart
Senior Frontend Engineer,causaLens,https://stackoverflow.com/jobs/497624/senior-frontend-engineer-causalens
Blockchain Engineer: Trading Applications,Hummingbot,https://stackoverflow.com/jobs/506860/blockchain-engineer-trading-applications-hummingbot
Mid-Level C#/C++ Software Engineer Who Thrives On Complex Challenges,PEMDAS Technologies and Innovations,https://stackoverflow.com/jobs/498130/mid-level-c-sharp-c-plus-plus-software-engineer-who-thrives-on-pemdas-technologies-and
Solution Architect - APAC,Privitar Ltd,https://stackoverflow.com/jobs/504244/solution-architect-apac-privitar-ltd
Software Engineer Cloud DevOps - IaC,Semiotic Labs BV,https://stackoverflow.com/jobs/487864/software-engineer-cloud-devops-iac-semiotic-labs-bv
Full Stack Engineer,causaLens,https://stackoverflow.com/jobs/468461/full-stack-engineer-causalens
Senior Data Engineer,Servian,https://stackoverflow.com/jobs/499886/senior-data-engineer-servian
"Senior Front-End Engineer, Creative Management",Quantcast,https://stackoverflow.com/jobs/441755/senior-front-end-engineer-creative-management-quantcast
Senior Python and Machine Learning Engineer - Remote - EU Time Zone,CVEDIA,https://weworkremotely.com/company/cvedia
"Sr. Software Engineer, Fullstack @ Machine Learning Startup",Labelbox,https://weworkremotely.com/company/labelbox
Machine Learning Engineer,AdeptID,https://weworkremotely.com/remote-jobs/adeptid-machine-learning-engineer
Software Engineer Machine Learning,Studitemps,https://remoteok.io/remote-jobs/101896-remote-software-engineer-machine-learning-studitemps
Developer Advocate,Iterative,https://remoteok.io/remote-jobs/100865-remote-developer-advocate-iterative
Senior Software Engineer,NannyML,https://remoteok.io/remote-jobs/100744-remote-senior-software-engineer-nannyml
Software Engineer,Ampcontrol.io,https://remoteok.io/remote-jobs/100578-remote-software-engineer-ampcontrol-io
Senior Software Engineer,NannyML,https://remoteok.io/remote-jobs/100441-remote-senior-software-engineer-nannyml
Software engineer,Visuary,https://remoteok.io/remote-jobs/100119-remote-software-engineer-visuary
Technical Community Manager,Iterative,https://remoteok.io/remote-jobs/99931-remote-technical-community-manager-iterative
Senior Software Engineer,neuronbits,https://remoteok.io/remote-jobs/99221-remote-senior-software-engineer-neuronbits
Senior NLP Software Engineer,neuronbits,https://remoteok.io/remote-jobs/99218-remote-senior-nlp-software-engineer-neuronbits
Backend Software Engineer,Vendrive,https://remoteok.io/remote-jobs/76698-remote-backend-software-engineer-vendrive
Senior Software Engineer,Iterative,https://remoteok.io/remote-jobs/76126-remote-senior-software-engineer-iterative
Senior Python Developer,causaLens,https://remoteok.io/remote-jobs/72638-remote-senior-python-developer-causalens
Senior Unity3d Developer Europe Time Zone For a Machine Learning Startup,CVEDIA,https://remoteok.io/remote-jobs/71702-remote-senior-unity3d-developer-remote-europe-time-zone-for-a-machine-learning-startup-cvedia
Senior Backend Data Platform Engineer,Synergy Sports Technology,https://remoteok.io/remote-jobs/68836-remote-senior-backend-data-platform-engineer-synergy-sports-technology
Full Stack JavaScript Developer Data Scientist,HigherEducation.com,https://remoteok.io/remote-jobs/22616-remote-full-stack-javascript-developer-data-scientist-highereducation-com
Software Engineer Machine Learning,Wikimedia Foundation,https://remoteok.io/remote-jobs/83581-remote-software-engineer-machine-learning-wikimedia-foundation
Machine Learning Software Engineer,Research Square,https://remoteok.io/remote-jobs/76606-remote-machine-learning-software-engineer-research-square
Senior Machine Learning Developer,PaperClip orporated,https://remoteok.io/remote-jobs/72380-remote-senior-machine-learning-developer-paperclip-orporated
Java Developer Learn Big Data Machine Learning,Affectv,https://remoteok.io/remote-jobs/65303-remote-java-developer-learn-big-data-machine-learning-affectv
Senior Machine Learning Software Engineer,Stardog Union,https://remoteok.io/remote-jobs/62568-remote-senior-machine-learning-software-engineer-stardog-union
Software Engineer Machine Learning Specialist,AgFlow,https://remoteok.io/remote-jobs/61490-remote-software-engineer-machine-learning-specialist-agflow
Machine Learning Software Engineer,TAINA Technology Limited,https://remoteok.io/remote-jobs/23335-remote-machine-learning-software-engineer-taina-technology-limited
Machine Learning Computer Vision Developer,Osprey Informatics,https://remoteok.io/remote-jobs/20586-remote-machine-learning-computer-vision-developer-osprey-informatics
Full Stack Web Developer Big Data Machine Learning,SiteZeus,https://remoteok.io/remote-jobs/19264-remote-full-stack-web-developer-big-data-machine-learning-sitezeus
Frontend Developer For Machine Learning Startup,Findify,https://remoteok.io/remote-jobs/18861-remote-frontend-developer-for-machine-learning-startup-findify
Software Engineer Machine Learning,GitHub,https://remoteok.io/remote-jobs/15426-remote-software-engineer-machine-learning-github
Golang developer with knowledge within machine learning,Real Audience AB,https://remoteok.io/remote-jobs/12090-remote-golang-developer-with-knowledge-within-machine-learning-real-audience-ab
Golang Software Engineer,NodePrime,https://remoteok.io/remote-jobs/9466-remote-golang-software-engineer-nodeprime
Senior Ruby Python Java Developers,Simply Business,https://remoteok.io/remote-jobs/9019-remote-senior-ruby-python-java-developers-simply-business
Software Developer,EcoHealth Alliance,https://remoteok.io/remote-jobs/8637-remote-software-developer-ecohealth-alliance
Python Developer,RedJack,https://remoteok.io/remote-jobs/5019-remote-python-developer-redjack
DevOps Engineer,EcoHealth Alliance,https://remoteok.io/remote-jobs/3715-remote-devops-engineer-ecohealth-alliance
